"date","bus","rail_boardings","total_rides"
2022-01-01,"115,581","116,473","232,054"
2022-01-02,"141,100","114,070","255,170"
2022-01-03,"308,893","184,727","493,620"
2022-01-04,"343,163","202,963","546,126"
2022-01-05,"261,752","177,105","438,857"
2022-01-06,"256,983","175,465","432,448"
2022-01-07,"246,042","172,216","418,258"
2022-01-08,"190,569","133,844","324,413"
2022-01-09,"139,413","102,330","241,743"
2022-01-10,"273,785","175,964","449,749"
2022-01-11,"299,534","190,644","490,178"
2022-01-12,"364,308","214,250","578,558"
2022-01-13,"364,235","218,508","582,743"
2022-01-14,"355,305","224,098","579,403"
2022-01-15,"201,975","153,357","355,332"
2022-01-16,"157,849","117,493","275,342"
2022-01-17,"247,901","160,202","408,103"
2022-01-18,"394,532","239,770","634,302"
2022-01-19,"373,531","235,997","609,528"
2022-01-20,"343,001","227,670","570,671"
2022-01-21,"360,918","227,754","588,672"
2022-01-22,"213,615","153,452","367,067"
2022-01-23,"149,802","112,997","262,799"
2022-01-24,"352,311","235,351","587,662"
2022-01-25,"352,155","234,112","586,267"
2022-01-26,"313,683","215,518","529,201"
2022-01-27,"388,880","254,620","643,500"
2022-01-28,"310,477","229,809","540,286"
2022-01-29,"216,590","160,644","377,234"
2022-01-30,"163,483","115,445","278,928"
2022-01-31,"405,219","253,283","658,502"
2022-02-01,"438,309","273,732","712,041"
2022-02-02,"252,363","189,573","441,936"
2022-02-03,"342,011","232,018","574,029"
2022-02-04,"391,793","263,572","655,365"
2022-02-05,"222,874","169,731","392,605"
2022-02-06,"179,811","125,211","305,022"
2022-02-07,"405,768","257,867","663,635"
2022-02-08,"431,086","280,312","711,398"
2022-02-09,"433,494","283,336","716,830"
2022-02-10,"426,111","284,248","710,359"
2022-02-11,"413,489","269,373","682,862"
2022-02-12,"236,977","177,109","414,086"
2022-02-13,"175,728","133,282","309,010"
2022-02-14,"400,492","260,703","661,195"
2022-02-15,"434,683","282,736","717,419"
2022-02-16,"436,057","286,506","722,563"
2022-02-17,"365,062","260,175","625,237"
2022-02-18,"383,850","268,927","652,777"
2022-02-19,"228,190","179,991","408,181"
2022-02-20,"193,971","146,532","340,503"
2022-02-21,"330,376","219,366","549,742"
2022-02-22,"402,852","275,702","678,554"
2022-02-23,"434,639","288,569","723,208"
2022-02-24,"417,551","290,246","707,797"
2022-02-25,"411,882","278,287","690,169"
2022-02-26,"260,161","190,557","450,718"
2022-02-27,"197,978","139,377","337,355"
2022-02-28,"437,269","272,433","709,702"
2022-03-01,"471,547","297,951","769,498"
2022-03-02,"461,679","304,639","766,318"
2022-03-03,"450,905","301,344","752,249"
2022-03-04,"437,164","288,975","726,139"
2022-03-05,"291,281","221,714","512,995"
2022-03-06,"194,300","141,976","336,276"
2022-03-07,"399,383","261,592","660,975"
2022-03-08,"464,441","303,631","768,072"
2022-03-09,"466,984","310,336","777,320"
2022-03-10,"444,721","310,435","755,156"
2022-03-11,"422,764","294,476","717,240"
2022-03-12,"247,872","287,526","535,398"
2022-03-13,"200,879","168,821","369,700"
2022-03-14,"448,558","294,168","742,726"
2022-03-15,"463,215","322,609","785,824"
2022-03-16,"479,823","333,597","813,420"
2022-03-17,"463,068","336,933","800,001"
2022-03-18,"404,540","292,739","697,279"
2022-03-19,"250,839","203,842","454,681"
2022-03-20,"220,280","183,597","403,877"
2022-03-21,"459,452","286,077","745,529"
2022-03-22,"432,916","290,803","723,719"
2022-03-23,"411,053","285,528","696,581"
2022-03-24,"452,116","279,960","732,076"
2022-03-25,"431,829","290,569","722,398"
2022-03-26,"242,199","191,025","433,224"
2022-03-27,"193,217","147,865","341,082"
2022-03-28,"443,113","283,316","726,429"
2022-03-29,"459,127","310,432","769,559"
2022-03-30,"425,844","299,471","725,315"
2022-03-31,"446,918","313,624","760,542"
2022-04-01,"484,903","314,610","799,513"
2022-04-02,"264,044","194,383","458,427"
2022-04-03,"218,901","153,875","372,776"
2022-04-04,"457,452","291,019","748,471"
2022-04-05,"482,775","326,164","808,939"
2022-04-06,"470,573","327,753","798,326"
2022-04-07,"468,788","346,853","815,641"
2022-04-08,"398,017","301,320","699,337"
2022-04-09,"283,129","232,566","515,695"
2022-04-10,"221,977","184,272","406,249"
2022-04-11,"388,543","276,040","664,583"
2022-04-12,"426,444","323,042","749,486"
2022-04-13,"375,870","290,641","666,511"
2022-04-14,"408,379","316,347","724,726"
2022-04-15,"367,610","276,605","644,215"
2022-04-16,"274,093","216,395","490,488"
2022-04-17,"183,837","139,738","323,575"
2022-04-18,"416,359","279,342","695,701"
2022-04-19,"461,501","324,667","786,168"
2022-04-20,"453,943","322,677","776,620"
2022-04-21,"455,139","339,779","794,918"
2022-04-22,"414,144","295,319","709,463"
2022-04-23,"312,128","278,763","590,891"
2022-04-24,"192,744","162,462","355,206"
2022-04-25,"454,532","293,934","748,466"
2022-04-26,"476,474","323,321","799,795"
2022-04-27,"473,316","325,530","798,846"
2022-04-28,"461,751","329,024","790,775"
2022-04-29,"472,802","324,138","796,940"
2022-04-30,"260,440","208,693","469,133"
2022-05-01,"209,565","167,306","376,871"
2022-05-02,"456,676","288,292","744,968"
2022-05-03,"427,088","304,189","731,277"
2022-05-04,"500,429","344,233","844,662"
2022-05-05,"464,544","329,241","793,785"
2022-05-06,"429,700","298,387","728,087"
2022-05-07,"308,573","262,869","571,442"
2022-05-08,"204,641","167,467","372,108"
2022-05-09,"456,324","296,458","752,782"
2022-05-10,"487,603","334,899","822,502"
2022-05-11,"481,802","332,548","814,350"
2022-05-12,"475,308","345,676","820,984"
2022-05-13,"470,223","332,657","802,880"
2022-05-14,"303,044","249,361","552,405"
2022-05-15,"210,931","171,982","382,913"
2022-05-16,"460,986","304,494","765,480"
2022-05-17,"479,630","337,079","816,709"
2022-05-18,"452,731","322,841","775,572"
2022-05-19,"486,489","351,429","837,918"
2022-05-20,"458,078","321,127","779,205"
2022-05-21,"258,763","218,972","477,735"
2022-05-22,"221,756","193,002","414,758"
2022-05-23,"456,515","297,901","754,416"
2022-05-24,"484,351","336,010","820,361"
2022-05-25,"461,780","319,883","781,663"
2022-05-26,"467,853","332,069","799,922"
2022-05-27,"435,553","299,737","735,290"
2022-05-28,"299,533","280,228","579,761"
2022-05-29,"239,199","246,793","485,992"
2022-05-30,"235,865","210,421","446,286"
2022-05-31,"468,550","326,376","794,926"
2022-06-01,"496,766","346,924","843,690"
2022-06-02,"492,400","355,544","847,944"
2022-06-03,"494,862","353,934","848,796"
2022-06-04,"298,993","261,915","560,908"
2022-06-05,"230,730","216,530","447,260"
2022-06-06,"437,910","291,922","729,832"
2022-06-07,"492,774","348,945","841,719"
2022-06-08,"454,093","328,980","783,073"
2022-06-09,"488,146","359,630","847,776"
2022-06-10,"450,488","327,910","778,398"
2022-06-11,"311,911","264,509","576,420"
2022-06-12,"224,348","193,587","417,935"
2022-06-13,"433,682","306,621","740,303"
2022-06-14,"467,146","345,831","812,977"
2022-06-15,"435,538","338,852","774,390"
2022-06-16,"441,821","351,622","793,443"
2022-06-17,"438,575","356,445","795,020"
2022-06-18,"316,980","307,051","624,031"
2022-06-19,"227,181","226,033","453,214"
2022-06-20,"365,955","257,700","623,655"
2022-06-21,"427,588","321,100","748,688"
2022-06-22,"444,712","335,641","780,353"
2022-06-23,"442,860","345,391","788,251"
2022-06-24,"429,666","353,308","782,974"
2022-06-25,"276,951","259,318","536,269"
2022-06-26,"228,786","301,320","530,106"
2022-06-27,"416,606","298,347","714,953"
2022-06-28,"445,097","348,827","793,924"
2022-06-29,"448,310","350,300","798,610"
2022-06-30,"434,307","354,302","788,609"
2022-07-01,"427,111","319,073","746,184"
2022-07-02,"314,971","271,980","586,951"
2022-07-03,"234,889","221,003","455,892"
2022-07-04,"201,272","158,486","359,758"
2022-07-05,"400,714","283,797","684,511"
2022-07-06,"438,241","315,347","753,588"
2022-07-07,"444,168","331,132","775,300"
2022-07-08,"414,527","323,371","737,898"
2022-07-09,"314,661","288,100","602,761"
2022-07-10,"228,764","208,566","437,330"
2022-07-11,"411,177","289,480","700,657"
2022-07-12,"460,573","351,612","812,185"
2022-07-13,"462,243","357,923","820,166"
2022-07-14,"459,272","364,927","824,199"
2022-07-15,"385,035","307,877","692,912"
2022-07-16,"306,271","295,499","601,770"
2022-07-17,"212,995","208,264","421,259"
2022-07-18,"432,780","299,248","732,028"
2022-07-19,"453,338","335,621","788,959"
2022-07-20,"455,439","338,205","793,644"
2022-07-21,"445,763","342,598","788,361"
2022-07-22,"426,586","323,821","750,407"
2022-07-23,"275,396","265,291","540,687"
2022-07-24,"209,703","202,481","412,184"
2022-07-25,"423,680","314,719","738,399"
2022-07-26,"460,649","352,662","813,311"
2022-07-27,"446,320","340,006","786,326"
2022-07-28,"448,728","380,517","829,245"
2022-07-29,"430,804","378,849","809,653"
2022-07-30,"304,052","327,388","631,440"
2022-07-31,"224,307","252,781","477,088"
2022-08-01,"433,904","304,820","738,724"
2022-08-02,"451,890","335,737","787,627"
2022-08-03,"430,236","321,771","752,007"
2022-08-04,"449,161","341,966","791,127"
2022-08-05,"445,484","357,462","802,946"
2022-08-06,"302,707","280,369","583,076"
2022-08-07,"202,042","193,344","395,386"
2022-08-08,"381,427","286,194","667,621"
2022-08-09,"454,272","352,582","806,854"
2022-08-10,"455,381","346,182","801,563"
2022-08-11,"444,736","337,937","782,673"
2022-08-12,"430,652","320,260","750,912"
2022-08-13,"295,364","253,835","549,199"
2022-08-14,"214,683","189,154","403,837"
2022-08-15,"422,612","312,773","735,385"
2022-08-16,"445,900","335,456","781,356"
2022-08-17,"451,427","335,610","787,037"
2022-08-18,"447,149","343,155","790,304"
2022-08-19,"446,821","359,501","806,322"
2022-08-20,"276,088","263,681","539,769"
2022-08-21,"235,253","221,628","456,881"
2022-08-22,"484,550","322,408","806,958"
2022-08-23,"510,024","370,191","880,215"
2022-08-24,"509,522","369,646","879,168"
2022-08-25,"491,181","367,289","858,470"
2022-08-26,"495,636","347,989","843,625"
2022-08-27,"313,588","249,105","562,693"
2022-08-28,"219,848","188,705","408,553"
2022-08-29,"453,804","307,410","761,214"
2022-08-30,"524,895","366,870","891,765"
2022-08-31,"521,586","366,459","888,045"
2022-09-01,"526,641","371,181","897,822"
2022-09-02,"507,102","361,289","868,391"
2022-09-03,"329,125","291,196","620,321"
2022-09-04,"229,381","227,410","456,791"
2022-09-05,"236,613","180,944","417,557"
2022-09-06,"523,472","365,689","889,161"
2022-09-07,"534,473","388,259","922,732"
2022-09-08,"529,691","391,210","920,901"
2022-09-09,"506,174","373,012","879,186"
2022-09-10,"328,476","293,144","621,620"
2022-09-11,"180,862","175,036","355,898"
2022-09-12,"480,954","342,767","823,721"
2022-09-13,"527,850","390,462","918,312"
2022-09-14,"531,662","395,177","926,839"
2022-09-15,"526,216","409,158","935,374"
2022-09-16,"508,567","431,965","940,532"
2022-09-17,"333,893","324,035","657,928"
2022-09-18,"237,991","241,024","479,015"
2022-09-19,"495,344","350,160","845,504"
2022-09-20,"522,109","387,279","909,388"
2022-09-21,"537,697","392,818","930,515"
2022-09-22,"530,009","398,846","928,855"
2022-09-23,"458,882","354,789","813,671"
2022-09-24,"320,145","265,000","585,145"
2022-09-25,"229,013","196,621","425,634"
2022-09-26,"497,354","338,256","835,610"
2022-09-27,"527,776","392,549","920,325"
2022-09-28,"530,749","399,004","929,753"
2022-09-29,"521,049","399,396","920,445"
2022-09-30,"517,079","372,584","889,663"
2022-10-01,"331,991","278,557","610,548"
2022-10-02,"230,938","198,343","429,281"
2022-10-03,"522,157","347,552","869,709"
2022-10-04,"539,617","387,120","926,737"
2022-10-05,"535,091","386,695","921,786"
2022-10-06,"528,937","407,379","936,316"
2022-10-07,"497,726","385,824","883,550"
2022-10-08,"327,134","300,298","627,432"
2022-10-09,"207,502","351,798","559,300"
2022-10-10,"413,126","332,397","745,523"
2022-10-11,"516,976","397,158","914,134"
2022-10-12,"497,854","384,939","882,793"
2022-10-13,"533,103","420,167","953,270"
2022-10-14,"501,494","372,144","873,638"
2022-10-15,"325,294","272,080","597,374"
2022-10-16,"227,365","191,906","419,271"
2022-10-17,"470,688","332,889","803,577"
2022-10-18,"499,407","372,296","871,703"
2022-10-19,"525,153","378,834","903,987"
2022-10-20,"507,374","383,470","890,844"
2022-10-21,"462,718","343,986","806,704"
2022-10-22,"328,599","254,638","583,237"
2022-10-23,"239,284","189,552","428,836"
2022-10-24,"499,098","342,781","841,879"
2022-10-25,"478,171","370,030","848,201"
2022-10-26,"539,425","393,904","933,329"
2022-10-27,"528,826","395,129","923,955"
2022-10-28,"501,985","352,842","854,827"
2022-10-29,"311,437","254,149","565,586"
2022-10-30,"217,204","177,961","395,165"
2022-10-31,"454,862","318,942","773,804"
2022-11-01,"535,639","378,179","913,818"
2022-11-02,"532,834","379,413","912,247"
2022-11-03,"540,308","389,939","930,247"
2022-11-04,"489,779","345,651","835,430"
2022-11-05,"271,210","239,302","510,512"
2022-11-06,"237,292","195,418","432,710"
2022-11-07,"502,205","345,095","847,300"
2022-11-08,"445,547","343,165","788,712"
2022-11-09,"524,300","382,075","906,375"
2022-11-10,"534,931","396,488","931,419"
2022-11-11,"458,476","329,637","788,113"
2022-11-12,"283,958","233,513","517,471"
2022-11-13,"216,386","184,686","401,072"
2022-11-14,"479,311","330,831","810,142"
2022-11-15,"482,772","363,154","845,926"
2022-11-16,"501,388","367,015","868,403"
2022-11-17,"489,196","368,122","857,318"
2022-11-18,"437,859","348,326","786,185"
2022-11-19,"253,918","231,052","484,970"
2022-11-20,"204,456","163,384","367,840"
2022-11-21,"423,423","299,744","723,167"
2022-11-22,"435,161","314,006","749,167"
2022-11-23,"398,091","275,787","673,878"
2022-11-24,"160,200","111,986","272,186"
2022-11-25,"305,747","216,040","521,787"
2022-11-26,"283,619","206,385","490,004"
2022-11-27,"190,990","145,822","336,812"
2022-11-28,"472,849","306,743","779,592"
2022-11-29,"492,390","346,172","838,562"
2022-11-30,"471,180","342,095","813,275"
2022-12-01,"494,028","351,763","845,791"
2022-12-02,"490,109","327,826","817,935"
2022-12-03,"302,524","235,937","538,461"
2022-12-04,"219,158","175,364","394,522"
2022-12-05,"473,036","301,290","774,326"
2022-12-06,"491,402","343,974","835,376"
2022-12-07,"501,570","348,450","850,020"
2022-12-08,"491,122","354,293","845,415"
2022-12-09,"434,379","310,116","744,495"
2022-12-10,"301,199","250,406","551,605"
2022-12-11,"217,920","181,270","399,190"
2022-12-12,"461,205","309,804","771,009"
2022-12-13,"488,778","350,345","839,123"
2022-12-14,"460,656","334,180","794,836"
2022-12-15,"479,951","357,938","837,889"
2022-12-16,"438,828","317,559","756,387"
2022-12-17,"273,704","221,530","495,234"
2022-12-18,"205,652","168,395","374,047"
2022-12-19,"422,466","271,588","694,054"
2022-12-20,"458,350","301,658","760,008"
2022-12-21,"449,539","293,415","742,954"
2022-12-22,"334,740","211,520","546,260"
2022-12-23,"154,576","107,314","261,890"
2022-12-24,"150,459","94,387","244,846"
2022-12-25,"85,188","55,366","140,554"
2022-12-26,"205,368","123,005","328,373"
2022-12-27,"315,154","202,638","517,792"
2022-12-28,"321,472","212,073","533,545"
2022-12-29,"347,158","231,287","578,445"
2022-12-30,"364,899","243,067","607,966"
2022-12-31,"257,498","181,031","438,529"
2023-01-01,"164,489","140,776","305,265"
2023-01-02,"254,124","165,797","419,921"
2023-01-03,"383,247","275,846","659,093"
2023-01-04,"398,456","292,474","690,930"
2023-01-05,"384,238","292,708","676,946"
2023-01-06,"371,923","258,636","630,559"
2023-01-07,"272,633","183,930","456,563"
2023-01-08,"209,397","145,377","354,774"
2023-01-09,"449,465","296,803","746,268"
2023-01-10,"499,769","345,615","845,384"
2023-01-11,"499,126","343,468","842,594"
2023-01-12,"474,679","340,171","814,850"
2023-01-13,"443,233","292,169","735,402"
2023-01-14,"288,502","201,672","490,174"
2023-01-15,"220,389","154,138","374,527"
2023-01-16,"295,880","196,321","492,201"
2023-01-17,"496,926","344,762","841,688"
2023-01-18,"495,410","346,875","842,285"
2023-01-19,"479,283","347,238","826,521"
2023-01-20,"457,848","296,350","754,198"
2023-01-21,"285,487","196,802","482,289"
2023-01-22,"201,809","140,538","342,347"
2023-01-23,"468,304","307,836","776,140"
2023-01-24,"505,791","355,136","860,927"
2023-01-25,"462,648","337,076","799,724"
2023-01-26,"484,428","350,067","834,495"
2023-01-27,"435,531","290,048","725,579"
2023-01-28,"270,454","190,883","461,337"
2023-01-29,"199,420","144,673","344,093"
2023-01-30,"420,711","284,230","704,941"
2023-01-31,"428,116","311,121","739,237"
2023-02-01,"488,390","332,706","821,096"
2023-02-02,"488,230","339,244","827,474"
2023-02-03,"367,206","247,871","615,077"
2023-02-04,"295,858","188,543","484,401"
2023-02-05,"228,506","147,681","376,187"
2023-02-06,"489,061","304,675","793,736"
2023-02-07,"512,128","348,998","861,126"
2023-02-08,"517,223","348,441","865,664"
2023-02-09,"456,891","326,676","783,567"
2023-02-10,"480,757","289,003","769,760"
2023-02-11,"305,427","182,401","487,828"
2023-02-12,"228,971","139,964","368,935"
2023-02-13,"477,325","298,814","776,139"
2023-02-14,"510,605","355,572","866,177"
2023-02-15,"498,251","346,762","845,013"
2023-02-16,"450,939","324,574","775,513"
2023-02-17,"447,365","297,527","744,892"
2023-02-18,"307,618","213,471","521,089"
2023-02-19,"241,433","167,599","409,032"
2023-02-20,"371,110","251,523","622,633"
2023-02-21,"512,268","349,053","861,321"
2023-02-22,"445,175","320,183","765,358"
2023-02-23,"500,377","349,987","850,364"
2023-02-24,"468,093","303,528","771,621"
2023-02-25,"313,877","199,947","513,824"
2023-02-26,"246,373","152,718","399,091"
2023-02-27,"438,886","284,156","723,042"
2023-02-28,"516,342","350,093","866,435"
2023-03-01,"538,035","357,399","895,434"
2023-03-02,"505,862","352,552","858,414"
2023-03-03,"441,984","285,055","727,039"
2023-03-04,"332,481","209,545","542,026"
2023-03-05,"246,208","156,086","402,294"
2023-03-06,"470,524","303,195","773,719"
2023-03-07,"528,413","362,941","891,354"
2023-03-08,"521,850","359,517","881,367"
2023-03-09,"498,577","352,220","850,797"
2023-03-10,"466,305","312,533","778,838"
2023-03-11,"326,961","340,919","667,880"
2023-03-12,"215,765","159,274","375,039"
2023-03-13,"459,265","307,389","766,654"
2023-03-14,"524,325","366,497","890,822"
2023-03-15,"535,449","367,880","903,329"
2023-03-16,"499,382","360,728","860,110"
2023-03-17,"435,055","319,561","754,616"
2023-03-18,"284,653","199,267","483,920"
2023-03-19,"238,907","157,695","396,602"
2023-03-20,"478,059","300,593","778,652"
2023-03-21,"510,959","347,098","858,057"
2023-03-22,"499,380","340,260","839,640"
2023-03-23,"489,519","342,562","832,081"
2023-03-24,"475,520","306,297","781,817"
2023-03-25,"287,548","202,198","489,746"
2023-03-26,"222,855","179,536","402,391"
2023-03-27,"493,436","320,115","813,551"
2023-03-28,"521,594","365,749","887,343"
2023-03-29,"470,430","353,192","823,622"
2023-03-30,"517,477","388,264","905,741"
2023-03-31,"467,904","309,609","777,513"
2023-04-01,"315,267","235,235","550,502"
2023-04-02,"261,251","191,192","452,443"
2023-04-03,"439,537","304,009","743,546"
2023-04-04,"428,000","325,448","753,448"
2023-04-05,"438,936","335,701","774,637"
2023-04-06,"459,977","353,018","812,995"
2023-04-07,"419,926","312,653","732,579"
2023-04-08,"333,736","244,038","577,774"
2023-04-09,"237,320","168,475","405,795"
2023-04-10,"492,576","324,608","817,184"
2023-04-11,"539,533","388,288","927,821"
2023-04-12,"516,841","388,965","905,806"
2023-04-13,"541,076","386,440","927,516"
2023-04-14,"518,497","353,807","872,304"
2023-04-15,"360,082","254,964","615,046"
2023-04-16,"229,968","157,603","387,571"
2023-04-17,"458,530","310,077","768,607"
2023-04-18,"523,866","378,471","902,337"
2023-04-19,"527,267","380,103","907,370"
2023-04-20,"516,298","393,967","910,265"
2023-04-21,"505,681","360,742","866,423"
2023-04-22,"329,493","240,134","569,627"
2023-04-23,"245,927","174,185","420,112"
2023-04-24,"502,642","328,298","830,940"
2023-04-25,"516,696","378,228","894,924"
2023-04-26,"539,161","388,688","927,849"
2023-04-27,"532,971","395,661","928,632"
2023-04-28,"503,332","340,242","843,574"
2023-04-29,"331,120","224,434","555,554"
2023-04-30,"238,929","165,311","404,240"
2023-05-01,"482,348","315,630","797,978"
2023-05-02,"530,573","372,211","902,784"
2023-05-03,"555,155","381,538","936,693"
2023-05-04,"542,958","391,265","934,223"
2023-05-05,"518,792","367,635","886,427"
2023-05-06,"354,490","259,476","613,966"
2023-05-07,"281,403","198,280","479,683"
2023-05-08,"469,174","325,860","795,034"
2023-05-09,"548,033","396,388","944,421"
2023-05-10,"544,618","397,870","942,488"
2023-05-11,"533,940","384,804","918,744"
2023-05-12,"481,927","328,362","810,289"
2023-05-13,"344,247","221,075","565,322"
2023-05-14,"233,363","156,364","389,727"
2023-05-15,"486,638","320,403","807,041"
2023-05-16,"533,948","384,145","918,093"
2023-05-17,"527,429","382,604","910,033"
2023-05-18,"525,435","390,005","915,440"
2023-05-19,"486,435","337,006","823,441"
2023-05-20,"354,750","241,214","595,964"
2023-05-21,"273,007","193,053","466,060"
2023-05-22,"499,608","333,292","832,900"
2023-05-23,"537,810","406,630","944,440"
2023-05-24,"535,858","401,039","936,897"
2023-05-25,"528,009","395,099","923,108"
2023-05-26,"497,832","356,184","854,016"
2023-05-27,"340,968","290,957","631,925"
2023-05-28,"273,385","247,157","520,542"
2023-05-29,"269,683","209,702","479,385"
2023-05-30,"517,974","382,375","900,349"
2023-05-31,"517,111","389,469","906,580"
2023-06-01,"544,178","393,187","937,365"
2023-06-02,"514,354","386,122","900,476"
2023-06-03,"371,914","300,646","672,560"
2023-06-04,"278,304","238,509","516,813"
2023-06-05,"511,045","350,028","861,073"
2023-06-06,"522,067","389,250","911,317"
2023-06-07,"535,180","390,851","926,031"
2023-06-08,"493,065","387,473","880,538"
2023-06-09,"476,837","381,247","858,084"
2023-06-10,"379,556","320,326","699,882"
2023-06-11,"239,715","193,563","433,278"
2023-06-12,"457,944","327,050","784,994"
2023-06-13,"450,859","375,000","825,859"
2023-06-14,"493,401","392,696","886,097"
2023-06-15,"482,965","398,441","881,406"
2023-06-16,"453,530","361,553","815,083"
2023-06-17,"372,865","295,909","668,774"
2023-06-18,"272,736","221,073","493,809"
2023-06-19,"384,578","261,569","646,147"
2023-06-20,"488,457","375,171","863,628"
2023-06-21,"495,689","401,487","897,176"
2023-06-22,"486,237","402,155","888,392"
2023-06-23,"469,905","383,443","853,348"
2023-06-24,"369,643","298,557","668,200"
2023-06-25,"258,229","295,714","553,943"
2023-06-26,"445,453","323,554","769,007"
2023-06-27,"496,729","395,754","892,483"
2023-06-28,"496,731","392,034","888,765"
2023-06-29,"470,303","393,963","864,266"
2023-06-30,"473,836","378,120","851,956"
2023-07-01,"335,143","311,337","646,480"
2023-07-02,"170,177","192,380","362,557"
2023-07-03,"444,738","293,378","738,116"
2023-07-04,"281,675","195,858","477,533"
2023-07-05,"448,241","324,432","772,673"
2023-07-06,"495,284","375,201","870,485"
2023-07-07,"479,367","347,499","826,866"
2023-07-08,"352,631","259,570","612,201"
2023-07-09,"281,445","205,204","486,649"
2023-07-10,"485,647","330,776","816,423"
2023-07-11,"483,040","372,976","856,016"
2023-07-12,"443,121","354,104","797,225"
2023-07-13,"505,564","394,862","900,426"
2023-07-14,"476,443","373,807","850,250"
2023-07-15,"359,874","287,408","647,282"
2023-07-16,"281,420","234,238","515,658"
2023-07-17,"480,822","349,113","829,935"
2023-07-18,"512,122","398,713","910,835"
2023-07-19,"515,105","402,686","917,791"
2023-07-20,"502,681","414,002","916,683"
2023-07-21,"485,225","389,288","874,513"
2023-07-22,"360,932","312,905","673,837"
2023-07-23,"288,305","247,161","535,466"
2023-07-24,"474,506","338,496","813,002"
2023-07-25,"508,517","383,391","891,908"
2023-07-26,"478,350","371,278","849,628"
2023-07-27,"502,581","385,163","887,744"
2023-07-28,"446,842","334,517","781,359"
2023-07-29,"364,824","286,441","651,265"
2023-07-30,"285,496","219,936","505,432"
2023-07-31,"469,024","334,195","803,219"
2023-08-01,"528,437","389,535","917,972"
2023-08-02,"519,583","423,358","942,941"
2023-08-03,"521,191","480,968","1,002,159"
2023-08-04,"493,321","456,039","949,360"
2023-08-05,"338,701","346,075","684,776"
2023-08-06,"264,872","298,188","563,060"
2023-08-07,"467,465","346,627","814,092"
2023-08-08,"508,824","388,916","897,740"
2023-08-09,"501,770","394,563","896,333"
2023-08-10,"506,343","383,545","889,888"
2023-08-11,"472,150","370,307","842,457"
2023-08-12,"370,464","315,090","685,554"
2023-08-13,"279,218","225,085","504,303"
2023-08-14,"408,865","290,559","699,424"
2023-08-15,"500,013","382,517","882,530"
2023-08-16,"518,485","390,193","908,678"
2023-08-17,"484,256","366,327","850,583"
2023-08-18,"490,626","366,654","857,280"
2023-08-19,"381,458","303,336","684,794"
2023-08-20,"296,344","239,159","535,503"
2023-08-21,"551,302","343,866","895,168"
2023-08-22,"564,653","390,141","954,794"
2023-08-23,"531,763","365,111","896,874"
2023-08-24,"501,750","365,055","866,805"
2023-08-25,"553,276","375,055","928,331"
2023-08-26,"361,538","273,589","635,127"
2023-08-27,"289,983","218,533","508,516"
2023-08-28,"567,171","371,199","938,370"
2023-08-29,"585,643","418,817","1,004,460"
2023-08-30,"589,901","420,080","1,009,981"
2023-08-31,"579,376","413,083","992,459"
2023-09-01,"585,674","386,812","972,486"
2023-09-02,"384,728","291,029","675,757"
2023-09-03,"309,758","248,524","558,282"
2023-09-04,"293,106","220,411","513,517"
2023-09-05,"586,167","409,043","995,210"
2023-09-06,"578,259","425,429","1,003,688"
2023-09-07,"597,711","442,432","1,040,143"
2023-09-08,"555,213","397,332","952,545"
2023-09-09,"385,592","323,033","708,625"
2023-09-10,"297,306","247,808","545,114"
2023-09-11,"504,742","356,445","861,187"
2023-09-12,"603,242","432,403","1,035,645"
2023-09-13,"593,103","431,950","1,025,053"
2023-09-14,"587,439","437,320","1,024,759"
2023-09-15,"566,708","432,176","998,884"
2023-09-16,"352,049","340,865","692,914"
2023-09-17,"252,015","219,746","471,761"
2023-09-18,"560,810","382,031","942,841"
2023-09-19,"555,949","432,367","988,316"
2023-09-20,"599,268","447,165","1,046,433"
2023-09-21,"581,536","449,600","1,031,136"
2023-09-22,"525,718","400,937","926,655"
2023-09-23,"381,816","312,772","694,588"
2023-09-24,"290,336","234,578","524,914"
2023-09-25,"552,311","370,891","923,202"
2023-09-26,"565,172","416,619","981,791"
2023-09-27,"583,749","427,267","1,011,016"
2023-09-28,"597,723","437,574","1,035,297"
2023-09-29,"578,054","401,168","979,222"
2023-09-30,"391,173","301,206","692,379"
2023-10-01,"303,953","229,368","533,321"
2023-10-02,"576,630","378,334","954,964"
2023-10-03,"619,488","434,467","1,053,955"
2023-10-04,"610,623","445,787","1,056,410"
2023-10-05,"584,937","447,707","1,032,644"
2023-10-06,"559,485","428,321","987,806"
2023-10-07,"386,990","334,134","721,124"
2023-10-08,"253,021","403,385","656,406"
2023-10-09,"452,540","366,694","819,234"
2023-10-10,"601,129","443,465","1,044,594"
2023-10-11,"598,019","442,594","1,040,613"
2023-10-12,"567,954","433,731","1,001,685"
2023-10-13,"519,462","373,986","893,448"
2023-10-14,"338,320","266,624","604,944"
2023-10-15,"293,753","222,768","516,521"
2023-10-16,"551,971","374,520","926,491"
2023-10-17,"587,256","440,241","1,027,497"
2023-10-18,"595,182","439,266","1,034,448"
2023-10-19,"579,587","433,975","1,013,562"
2023-10-20,"562,941","395,292","958,233"
2023-10-21,"364,186","309,900","674,086"
2023-10-22,"288,942","219,804","508,746"
2023-10-23,"555,068","379,650","934,718"
2023-10-24,"598,773","434,867","1,033,640"
2023-10-25,"570,560","426,962","997,522"
2023-10-26,"535,013","412,606","947,619"
2023-10-27,"503,840","373,004","876,844"
2023-10-28,"360,484","275,006","635,490"
2023-10-29,"250,473","185,823","436,296"
2023-10-30,"551,840","367,453","919,293"
2023-10-31,"520,069","390,110","910,179"
2023-11-01,"576,336","410,084","986,420"
2023-11-02,"579,094","419,780","998,874"
2023-11-03,"563,943","373,412","937,355"
2023-11-04,"401,704","280,222","681,926"
2023-11-05,"296,526","200,577","497,103"
2023-11-06,"568,672","375,471","944,143"
2023-11-07,"588,549","424,318","1,012,867"
2023-11-08,"578,329","422,082","1,000,411"
2023-11-09,"588,110","454,074","1,042,184"
2023-11-10,"461,731","351,382","813,113"
2023-11-11,"354,671","266,284","620,955"
2023-11-12,"294,251","195,035","489,286"
2023-11-13,"558,320","370,511","928,831"
2023-11-14,"581,009","424,128","1,005,137"
2023-11-15,"587,609","422,609","1,010,218"
2023-11-16,"580,758","415,406","996,164"
2023-11-17,"544,624","418,827","963,451"
2023-11-18,"348,044","315,864","663,908"
2023-11-19,"278,346","201,431","479,777"
2023-11-20,"472,022","334,103","806,125"
2023-11-21,"465,329","339,605","804,934"
2023-11-22,"443,954","298,121","742,075"
2023-11-23,"187,931","128,326","316,257"
2023-11-24,"323,157","227,199","550,356"
2023-11-25,"310,164","213,175","523,339"
2023-11-26,"219,912","160,320","380,232"
2023-11-27,"505,729","325,992","831,721"
2023-11-28,"522,935","368,618","891,553"
2023-11-29,"553,418","387,126","940,544"
2023-11-30,"559,855","396,342","956,197"
2023-12-01,"513,523","339,748","853,271"
2023-12-02,"358,919","260,456","619,375"
2023-12-03,"268,845","172,945","441,790"
2023-12-04,"537,917","337,666","875,583"
2023-12-05,"556,584","384,481","941,065"
2023-12-06,"572,732","389,802","962,534"
2023-12-07,"580,504","404,303","984,807"
2023-12-08,"561,665","372,605","934,270"
2023-12-09,"369,433","283,097","652,530"
2023-12-10,"264,202","196,318","460,520"
2023-12-11,"517,482","326,238","843,720"
2023-12-12,"556,451","378,617","935,068"
2023-12-13,"559,461","378,896","938,357"
2023-12-14,"558,905","384,778","943,683"
2023-12-15,"535,654","351,722","887,376"
2023-12-16,"321,951","230,799","552,750"
2023-12-17,"271,335","184,885","456,220"
2023-12-18,"498,940","306,545","805,485"
2023-12-19,"527,927","342,290","870,217"
2023-12-20,"540,890","343,581","884,471"
2023-12-21,"519,383","325,377","844,760"
2023-12-22,"418,720","267,301","686,021"
2023-12-23,"341,975","206,358","548,333"
2023-12-24,"247,277","141,693","388,970"
2023-12-25,"145,433","80,206","225,639"
2023-12-26,"360,458","208,665","569,123"
2023-12-27,"403,147","252,136","655,283"
2023-12-28,"392,855","253,397","646,252"
2023-12-29,"415,822","261,610","677,432"
2023-12-30,"340,207","212,901","553,108"
2023-12-31,"250,204","187,144","437,348"
2024-01-01,"205,964","152,767","358,731"
2024-01-02,"417,384","278,216","695,600"
2024-01-03,"451,613","307,037","758,650"
2024-01-04,"460,277","317,437","777,714"
2024-01-05,"445,488","280,897","726,385"
2024-01-06,"308,872","196,983","505,855"
2024-01-07,"249,187","152,158","401,345"
2024-01-08,"517,198","326,817","844,015"
2024-01-09,"478,685","330,005","808,690"
2024-01-10,"548,560","369,768","918,328"
2024-01-11,"552,911","377,922","930,833"
2024-01-12,"368,347","239,249","607,596"
2024-01-13,"286,037","183,824","469,861"
2024-01-14,"146,724","93,057","239,781"
2024-01-15,"206,791","127,069","333,860"
2024-01-16,"280,514","185,903","466,417"
2024-01-17,"466,850","322,741","789,591"
2024-01-18,"521,058","362,414","883,472"
2024-01-19,"462,986","293,650","756,636"
2024-01-20,"301,556","191,705","493,261"
2024-01-21,"227,288","147,028","374,316"
2024-01-22,"518,106","336,751","854,857"
2024-01-23,"521,585","369,664","891,249"
2024-01-24,"549,204","389,714","938,918"
2024-01-25,"554,313","390,971","945,284"
2024-01-26,"534,739","329,826","864,565"
2024-01-27,"349,068","222,033","571,101"
2024-01-28,"255,458","158,081","413,539"
2024-01-29,"545,769","340,556","886,325"
2024-01-30,"571,297","388,718","960,015"
2024-01-31,"579,236","389,322","968,558"
2024-02-01,"601,932","393,012","994,944"
2024-02-02,"558,905","329,307","888,212"
2024-02-03,"372,165","230,410","602,575"
2024-02-04,"274,654","168,339","442,993"
2024-02-05,"558,625","339,256","897,881"
2024-02-06,"595,983","390,513","986,496"
2024-02-07,"595,233","389,227","984,460"
2024-02-08,"584,729","391,355","976,084"
2024-02-09,"515,769","333,453","849,222"
2024-02-10,"373,420","231,891","605,311"
2024-02-11,"277,432","165,836","443,268"
2024-02-12,"534,181","325,070","859,251"
2024-02-13,"598,961","395,880","994,841"
2024-02-14,"595,347","397,294","992,641"
2024-02-15,"568,392","387,472","955,864"
2024-02-16,"533,701","325,332","859,033"
2024-02-17,"340,993","224,306","565,299"
2024-02-18,"280,002","189,881","469,883"
2024-02-19,"417,871","271,357","689,228"
2024-02-20,"591,252","389,327","980,579"
2024-02-21,"600,241","395,915","996,156"
2024-02-22,"587,867","396,466","984,333"
2024-02-23,"551,392","336,416","887,808"
2024-02-24,"345,189","225,233","570,422"
2024-02-25,"280,214","175,446","455,660"
2024-02-26,"560,355","347,691","908,046"
2024-02-27,"587,359","392,420","979,779"
2024-02-28,"549,028","375,242","924,270"
2024-02-29,"577,283","386,672","963,955"
2024-03-01,"569,569","335,736","905,305"
2024-03-02,"389,713","252,550","642,263"
2024-03-03,"298,601","184,885","483,486"
2024-03-04,"556,051","334,107","890,158"
2024-03-05,"570,139","383,689","953,828"
2024-03-06,"595,103","393,574","988,677"
2024-03-07,"580,398","390,865","971,263"
2024-03-08,"488,443","314,783","803,226"
2024-03-09,"379,680","245,369","625,049"
2024-03-10,"280,181","178,611","458,792"
2024-03-11,"567,851","351,801","919,652"
2024-03-12,"599,389","411,314","1,010,703"
2024-03-13,"597,287","416,180","1,013,467"
2024-03-14,"539,322","393,348","932,670"
2024-03-15,"566,639","386,514","953,153"
2024-03-16,"399,006","499,424","898,430"
2024-03-17,"281,004","206,731","487,735"
2024-03-18,"535,201","346,463","881,664"
2024-03-19,"583,292","396,834","980,126"
2024-03-20,"584,856","392,077","976,933"
2024-03-21,"564,484","383,735","948,219"
2024-03-22,"491,011","318,712","809,723"
2024-03-23,"373,194","249,326","622,520"
2024-03-24,"279,349","206,108","485,457"
2024-03-25,"474,355","319,635","793,990"
2024-03-26,"514,563","359,360","873,923"
2024-03-27,"515,194","364,672","879,866"
2024-03-28,"513,043","374,590","887,633"
2024-03-29,"480,044","313,507","793,551"
2024-03-30,"375,490","244,072","619,562"
2024-03-31,"251,600","158,867","410,467"
2024-04-01,"478,962","333,881","812,843"
2024-04-02,"570,490","393,519","964,009"
2024-04-03,"572,710","395,413","968,123"
2024-04-04,"575,373","401,414","976,787"
2024-04-05,"576,732","375,602","952,334"
2024-04-06,"397,658","286,304","683,962"
2024-04-07,"256,839","185,460","442,299"
2024-04-08,"560,623","352,426","913,049"
2024-04-09,"593,688","400,628","994,316"
2024-04-10,"604,655","405,524","1,010,179"
2024-04-11,"557,100","397,195","954,295"
2024-04-12,"582,983","365,492","948,475"
2024-04-13,"412,391","281,343","693,734"
2024-04-14,"327,938","210,780","538,718"
2024-04-15,"588,349","369,259","957,608"
2024-04-16,"599,597","405,400","1,004,997"
2024-04-17,"600,084","408,474","1,008,558"
2024-04-18,"606,325","417,750","1,024,075"
2024-04-19,"591,814","383,321","975,135"
2024-04-20,"406,861","279,746","686,607"
2024-04-21,"307,107","203,722","510,829"
2024-04-22,"576,206","353,190","929,396"
2024-04-23,"600,004","410,045","1,010,049"
2024-04-24,"599,179","416,815","1,015,994"
2024-04-25,"615,343","428,724","1,044,067"
2024-04-26,"554,146","355,278","909,424"
2024-04-27,"419,731","286,199","705,930"
2024-04-28,"293,589","196,481","490,070"
2024-04-29,"556,233","349,857","906,090"
2024-04-30,"632,501","409,097","1,041,598"
2024-05-01,"644,438","416,920","1,061,358"
2024-05-02,"600,203","409,105","1,009,308"
2024-05-03,"608,085","388,593","996,678"
2024-05-04,"418,067","299,808","717,875"
2024-05-05,"317,248","226,928","544,176"
2024-05-06,"597,540","379,559","977,099"
2024-05-07,"572,181","412,646","984,827"
2024-05-08,"624,927","443,868","1,068,795"
2024-05-09,"569,230","406,557","975,787"
2024-05-10,"591,810","378,284","970,094"
2024-05-11,"416,481","273,276","689,757"
2024-05-12,"318,883","203,067","521,950"
2024-05-13,"550,608","349,237","899,845"
2024-05-14,"598,482","410,254","1,008,736"
2024-05-15,"615,430","419,635","1,035,065"
2024-05-16,"601,542","434,466","1,036,008"
2024-05-17,"595,193","402,254","997,447"
2024-05-18,"430,341","315,833","746,174"
2024-05-19,"329,129","250,996","580,125"
2024-05-20,"561,715","366,053","927,768"
2024-05-21,"618,559","443,937","1,062,496"
2024-05-22,"621,123","450,124","1,071,247"
2024-05-23,"609,570","457,738","1,067,308"
2024-05-24,"557,209","368,883","926,092"
2024-05-25,"420,064","342,285","762,349"
2024-05-26,"279,820","220,267","500,087"
2024-05-27,"306,648","205,186","511,834"
2024-05-28,"585,174","396,139","981,313"
2024-05-29,"612,055","423,439","1,035,494"
2024-05-30,"604,848","424,200","1,029,048"
2024-05-31,"590,998","410,904","1,001,902"
2024-06-01,"359,226","257,545","616,771"
2024-06-02,"347,275","256,837","604,112"
2024-06-03,"594,326","377,947","972,273"
2024-06-04,"602,909","443,126","1,046,035"
2024-06-05,"602,717","450,039","1,052,756"
2024-06-06,"606,273","440,625","1,046,898"
2024-06-07,"538,174","384,835","923,009"
2024-06-08,"388,074","295,372","683,446"
2024-06-09,"338,317","265,680","603,997"
2024-06-10,"521,105","360,674","881,779"
2024-06-11,"556,731","415,884","972,615"
2024-06-12,"576,142","423,834","999,976"
2024-06-13,"541,343","414,773","956,116"
2024-06-14,"536,639","412,548","949,187"
2024-06-15,"421,892","329,557","751,449"
2024-06-16,"314,305","239,123","553,428"
2024-06-17,"500,089","363,300","863,389"
2024-06-18,"551,782","426,829","978,611"
2024-06-19,"482,860","349,203","832,063"
2024-06-20,"548,449","411,020","959,469"
2024-06-21,"539,303","406,032","945,335"
2024-06-22,"430,009","334,791","764,800"
2024-06-23,"333,514","259,057","592,571"
2024-06-24,"535,003","366,575","901,578"
2024-06-25,"537,591","390,929","928,520"
2024-06-26,"586,929","426,272","1,013,201"
2024-06-27,"573,982","434,454","1,008,436"
2024-06-28,"519,127","372,226","891,353"
2024-06-29,"426,204","296,659","722,863"
2024-06-30,"332,479","322,925","655,404"
2024-07-01,"556,122","362,056","918,178"
2024-07-02,"554,430","411,251","965,681"
2024-07-03,"575,361","404,738","980,099"
2024-07-04,"319,593","237,409","557,002"
2024-07-05,"472,097","346,546","818,643"
2024-07-06,"400,805","322,596","723,401"
2024-07-07,"304,485","241,639","546,124"
2024-07-08,"523,371","364,702","888,073"
2024-07-09,"543,503","400,891","944,394"
2024-07-10,"560,627","409,640","970,267"
2024-07-11,"569,850","418,692","988,542"
2024-07-12,"548,479","381,120","929,599"
2024-07-13,"424,138","300,881","725,019"
2024-07-14,"303,034","217,483","520,517"
2024-07-15,"514,909","360,359","875,268"
2024-07-16,"565,584","408,295","973,879"
2024-07-17,"579,034","417,491","996,525"
2024-07-18,"563,700","423,510","987,210"
2024-07-19,"536,479","407,254","943,733"
2024-07-20,"415,213","336,971","752,184"
2024-07-21,"336,062","262,703","598,765"
2024-07-22,"536,657","384,948","921,605"
2024-07-23,"563,934","431,681","995,615"
2024-07-24,"574,946","434,300","1,009,246"
2024-07-25,"571,492","427,841","999,333"
2024-07-26,"543,502","393,133","936,635"
2024-07-27,"426,551","328,573","755,124"
2024-07-28,"305,854","225,835","531,689"
2024-07-29,"499,487","347,579","847,066"
2024-07-30,"564,465","418,450","982,915"
2024-07-31,"553,120","451,191","1,004,311"
2024-08-01,"554,928","506,493","1,061,421"
2024-08-02,"540,073","474,521","1,014,594"
2024-08-03,"424,966","401,995","826,961"
2024-08-04,"330,850","304,125","634,975"
2024-08-05,"501,014","373,023","874,037"
2024-08-06,"536,195","418,245","954,440"
2024-08-07,"572,289","435,129","1,007,418"
2024-08-08,"555,177","415,675","970,852"
2024-08-09,"534,634","407,471","942,105"
2024-08-10,"429,880","355,517","785,397"
2024-08-11,"335,905","277,892","613,797"
2024-08-12,"511,004","367,635","878,639"
2024-08-13,"561,949","432,482","994,431"
2024-08-14,"566,338","414,324","980,662"
2024-08-15,"519,903","391,361","911,264"
2024-08-16,"526,888","392,699","919,587"
2024-08-17,"388,616","312,275","700,891"
2024-08-18,"319,383","253,295","572,678"
2024-08-19,"498,548","335,708","834,256"
2024-08-20,"521,241","361,335","882,576"
2024-08-21,"528,372","364,450","892,822"
2024-08-22,"529,364","377,301","906,665"
2024-08-23,"519,640","368,235","887,875"
2024-08-24,"404,561","296,195","700,756"
2024-08-25,"325,668","239,814","565,482"
2024-08-26,"596,306","376,308","972,614"
2024-08-27,"583,649","409,119","992,768"
2024-08-28,"637,588","442,189","1,079,777"
2024-08-29,"644,581","469,123","1,113,704"
2024-08-30,"606,824","417,283","1,024,107"
2024-08-31,"428,266","353,476","781,742"
2024-09-01,"344,967","290,763","635,730"
2024-09-02,"325,776","239,695","565,471"
2024-09-03,"654,167","437,190","1,091,357"
2024-09-04,"653,220","454,140","1,107,360"
2024-09-05,"644,748","447,217","1,091,965"
2024-09-06,"616,701","434,618","1,051,319"
2024-09-07,"409,867","335,343","745,210"
2024-09-08,"320,438","267,262","587,700"
2024-09-09,"618,371","405,350","1,023,721"
2024-09-10,"646,216","451,939","1,098,155"
2024-09-11,"655,564","452,664","1,108,228"
2024-09-12,"637,736","454,382","1,092,118"
2024-09-13,"610,703","407,861","1,018,564"
2024-09-14,"412,078","324,266","736,344"
2024-09-15,"308,413","257,266","565,679"
2024-09-16,"607,976","412,568","1,020,544"
2024-09-17,"651,158","466,890","1,118,048"
2024-09-18,"655,614","467,380","1,122,994"
2024-09-19,"652,616","478,448","1,131,064"
2024-09-20,"622,603","444,850","1,067,453"
2024-09-21,"433,756","343,362","777,118"
2024-09-22,"271,129","219,586","490,715"
2024-09-23,"613,582","407,176","1,020,758"
2024-09-24,"582,939","434,551","1,017,490"
2024-09-25,"669,879","472,330","1,142,209"
2024-09-26,"659,106","474,890","1,133,996"
2024-09-27,"564,419","418,093","982,512"
2024-09-28,"384,642","312,755","697,397"
2024-09-29,"312,714","246,922","559,636"
2024-09-30,"619,994","406,220","1,026,214"
2024-10-01,"675,858","457,355","1,133,213"
2024-10-02,"663,546","452,173","1,115,719"
2024-10-03,"670,461","454,449","1,124,910"
2024-10-04,"619,444","409,598","1,029,042"
2024-10-05,"431,370","318,359","749,729"
2024-10-06,"336,190","248,486","584,676"
2024-10-07,"623,133","406,230","1,029,363"
2024-10-08,"652,969","459,661","1,112,630"
2024-10-09,"661,361","467,517","1,128,878"
2024-10-10,"650,278","485,221","1,135,499"
2024-10-11,"624,145","456,909","1,081,054"
2024-10-12,"427,732","369,877","797,609"
2024-10-13,"280,965","466,771","747,736"
2024-10-14,"486,971","384,342","871,313"
2024-10-15,"582,685","444,249","1,026,934"
2024-10-16,"652,964","462,121","1,115,085"
2024-10-17,"650,082","466,090","1,116,172"
2024-10-18,"627,426","413,404","1,040,830"
2024-10-19,"425,987","354,109","780,096"
2024-10-20,"321,239","239,392","560,631"
2024-10-21,"619,582","403,752","1,023,334"
2024-10-22,"642,373","451,887","1,094,260"
2024-10-23,"653,689","461,471","1,115,160"
2024-10-24,"654,696","465,121","1,119,817"
2024-10-25,"611,655","408,835","1,020,490"
2024-10-26,"427,475","296,326","723,801"
2024-10-27,"312,965","215,594","528,559"
2024-10-28,"611,041","389,359","1,000,400"
2024-10-29,"652,674","444,706","1,097,380"
2024-10-30,"657,942","451,915","1,109,857"
2024-10-31,"605,292","425,596","1,030,888"
2024-11-01,"618,998","381,782","1,000,780"
2024-11-02,"410,559","281,277","691,836"
2024-11-03,"267,845","227,887","495,732"
2024-11-04,"553,515","383,217","936,732"
2024-11-05,"519,574","379,110","898,684"
2024-11-06,"631,969","427,995","1,059,964"
2024-11-07,"644,506","450,680","1,095,186"
2024-11-08,"601,808","396,291","998,099"
2024-11-09,"391,070","288,855","679,925"
2024-11-10,"306,889","232,420","539,309"
2024-11-11,"556,273","358,572","914,845"
2024-11-12,"640,199","437,888","1,078,087"
2024-11-13,"633,647","434,362","1,068,009"
2024-11-14,"620,448","439,564","1,060,012"
2024-11-15,"603,141","397,040","1,000,181"
2024-11-16,"399,551","316,374","715,925"
2024-11-17,"308,995","233,733","542,728"
2024-11-18,"565,097","383,053","948,150"
2024-11-19,"639,269","439,683","1,078,952"
2024-11-20,"625,498","428,958","1,054,456"
2024-11-21,"539,977","414,493","954,470"
2024-11-22,"583,958","431,451","1,015,409"
2024-11-23,"384,030","340,935","724,965"
2024-11-24,"301,518","222,021","523,539"
2024-11-25,"512,387","344,627","857,014"
2024-11-26,"518,470","356,826","875,296"
2024-11-27,"477,247","308,919","786,166"
2024-11-28,"190,991","132,382","323,373"
2024-11-29,"344,005","224,635","568,640"
2024-11-30,"308,864","217,565","526,429"
2024-12-01,"251,107","175,212","426,319"
2024-12-02,"554,092","349,175","903,267"
2024-12-03,"607,733","405,908","1,013,641"
2024-12-04,"600,576","411,039","1,011,615"
2024-12-05,"564,481","401,576","966,057"
2024-12-06,"559,457","371,522","930,979"
2024-12-07,"384,908","286,352","671,260"
2024-12-08,"310,160","216,292","526,452"
2024-12-09,"585,535","364,276","949,811"
2024-12-10,"597,740","406,353","1,004,093"
2024-12-11,"580,091","398,016","978,107"
2024-12-12,"481,459","350,852","832,311"
2024-12-13,"521,773","360,766","882,539"
2024-12-14,"347,954","262,799","610,753"
2024-12-15,"277,186","198,006","475,192"
2024-12-16,"551,435","342,529","893,964"
2024-12-17,"582,711","391,307","974,018"
2024-12-18,"577,854","382,314","960,168"
2024-12-19,"552,524","373,795","926,319"
2024-12-20,"509,530","326,711","836,241"
2024-12-21,"346,988","234,439","581,427"
2024-12-22,"271,433","188,272","459,705"
2024-12-23,"425,982","267,754","693,736"
2024-12-24,"341,225","181,487","522,712"
2024-12-25,"146,592","86,287","232,879"
2024-12-26,"366,721","225,335","592,056"
2024-12-27,"394,689","245,475","640,164"
2024-12-28,"348,599","222,891","571,490"
2024-12-29,"231,003","158,657","389,660"
2024-12-30,"447,644","285,475","733,119"
2024-12-31,"386,206","281,447","667,653"
2025-01-01,"225,009","190,989","415,998"
2025-01-02,"422,094","279,791","701,885"
2025-01-03,"431,350","283,675","715,025"
2025-01-04,"313,164","211,604","524,768"
2025-01-05,"239,450","153,014","392,464"
2025-01-06,"480,075","318,068","798,143"
2025-01-07,"539,070","371,290","910,360"
2025-01-08,"544,855","373,118","917,973"
2025-01-09,"550,177","368,934","919,111"
2025-01-10,"494,608","312,132","806,740"
2025-01-11,"341,087","226,653","567,740"
2025-01-12,"247,097","163,835","410,932"
2025-01-13,"520,841","342,573","863,414"
2025-01-14,"535,915","381,845","917,760"
2025-01-15,"548,773","379,995","928,768"
2025-01-16,"580,058","395,025","975,083"
2025-01-17,"566,655","350,717","917,372"
2025-01-18,"352,875","235,950","588,825"
2025-01-19,"220,064","146,185","366,249"
2025-01-20,"255,814","164,914","420,728"
2025-01-21,"294,363","209,433","503,796"
2025-01-22,"502,247","348,428","850,675"
2025-01-23,"560,708","380,982","941,690"
2025-01-24,"517,992","316,577","834,569"
2025-01-25,"353,449","229,265","582,714"
2025-01-26,"263,357","167,555","430,912"
2025-01-27,"557,840","346,652","904,492"
2025-01-28,"600,629","398,829","999,458"
2025-01-29,"600,988","399,561","1,000,549"
2025-01-30,"597,148","395,576","992,724"
2025-01-31,"504,505","309,032","813,537"
2025-02-01,"375,592","231,851","607,443"
2025-02-02,"276,799","172,094","448,893"
2025-02-03,"561,089","344,871","905,960"
2025-02-04,"601,920","397,482","999,402"
2025-02-05,"588,472","392,240","980,712"
2025-02-06,"565,576","380,737","946,313"
2025-02-07,"568,753","334,477","903,230"
2025-02-08,"354,675","225,361","580,036"
2025-02-09,"283,740","178,617","462,357"
2025-02-10,"566,314","340,368","906,682"
2025-02-11,"602,680","394,158","996,838"
2025-02-12,"495,987","323,871","819,858"
2025-02-13,"561,666","377,046","938,712"
2025-02-14,"530,108","327,173","857,281"
2025-02-15,"354,572","234,600","589,172"
2025-02-16,"276,210","177,108","453,318"
2025-02-17,"368,849","239,262","608,111"
2025-02-18,"492,897","326,560","819,457"
2025-02-19,"550,895","364,221","915,116"
2025-02-20,"574,080","380,904","954,984"
2025-02-21,"553,951","328,596","882,547"
2025-02-22,"370,787","234,375","605,162"
2025-02-23,"281,484","174,047","455,531"
2025-02-24,"578,860","353,291","932,151"
2025-02-25,"575,346","396,347","971,693"
2025-02-26,"609,866","397,146","1,007,012"
2025-02-27,"613,402","402,457","1,015,859"
2025-02-28,"590,955","352,148","943,103"
2025-03-01,"380,591","240,413","621,004"
2025-03-02,"291,627","180,050","471,677"
2025-03-03,"578,006","345,594","923,600"
2025-03-04,"580,293","390,147","970,440"
2025-03-05,"603,951","397,881","1,001,832"
2025-03-06,"619,806","404,819","1,024,625"
2025-03-07,"555,241","335,864","891,105"
2025-03-08,"398,766","258,254","657,020"
2025-03-09,"302,103","192,874","494,977"
2025-03-10,"593,786","371,554","965,340"
2025-03-11,"626,067","418,826","1,044,893"
2025-03-12,"633,486","421,745","1,055,231"
2025-03-13,"632,710","433,941","1,066,651"
2025-03-14,"610,031","416,441","1,026,472"
2025-03-15,"419,140","569,090","988,230"
2025-03-16,"273,811","212,415","486,226"
2025-03-17,"592,276","388,387","980,663"
2025-03-18,"631,010","433,816","1,064,826"
2025-03-19,"586,106","410,146","996,252"
2025-03-20,"597,866","410,831","1,008,697"
2025-03-21,"586,769","365,803","952,572"
2025-03-22,"392,188","269,950","662,138"
2025-03-23,"273,302","209,303","482,605"
2025-03-24,"491,872","320,551","812,423"
2025-03-25,"537,207","371,997","909,204"
2025-03-26,"545,509","373,308","918,817"
2025-03-27,"523,815","375,538","899,353"
2025-03-28,"512,649","339,773","852,422"
2025-03-29,"387,569","265,050","652,619"
2025-03-30,"285,253","189,181","474,434"
2025-03-31,"522,245","355,008","877,253"
2025-04-01,"600,564","408,193","1,008,757"
2025-04-02,"524,319","376,485","900,804"
2025-04-03,"660,304","438,577","1,098,881"
2025-04-04,"604,237","399,136","1,003,373"
2025-04-05,"411,217","329,910","741,127"
2025-04-06,"320,063","229,137","549,200"
2025-04-07,"577,558","376,220","953,778"
2025-04-08,"612,600","431,129","1,043,729"
2025-04-09,"613,773","423,298","1,037,071"
2025-04-10,"621,071","426,285","1,047,356"
2025-04-11,"607,742","388,639","996,381"
2025-04-12,"417,636","295,686","713,322"
2025-04-13,"322,033","227,473","549,506"
2025-04-14,"601,239","382,752","983,991"
2025-04-15,"628,715","431,442","1,060,157"
2025-04-16,"647,017","439,567","1,086,584"
2025-04-17,"618,797","438,225","1,057,022"
2025-04-18,"530,317","379,633","909,950"
2025-04-19,"398,189","291,288","689,477"
2025-04-20,"276,828","192,934","469,762"
2025-04-21,"563,978","361,549","925,527"
2025-04-22,"635,896","449,995","1,085,891"
2025-04-23,"620,545","448,723","1,069,268"
2025-04-24,"653,241","448,572","1,101,813"
2025-04-25,"580,882","400,327","981,209"
2025-04-26,"428,587","317,347","745,934"
2025-04-27,"329,874","245,932","575,806"
2025-04-28,"604,201","393,731","997,932"
2025-04-29,"638,090","439,903","1,077,993"
2025-04-30,"632,346","435,347","1,067,693"
2025-05-01,"614,811","437,225","1,052,036"
2025-05-02,"607,226","387,749","994,975"
2025-05-03,"420,608","290,233","710,841"
2025-05-04,"303,496","206,686","510,182"
2025-05-05,"589,882","399,546","989,428"
2025-05-06,"643,704","461,004","1,104,708"
2025-05-07,"637,290","458,714","1,096,004"
2025-05-08,"624,984","445,646","1,070,630"
2025-05-09,"604,932","396,963","1,001,895"
2025-05-10,"420,315","296,008","716,323"
2025-05-11,"314,094","218,681","532,775"
2025-05-12,"573,953","389,496","963,449"
2025-05-13,"620,509","449,177","1,069,686"
2025-05-14,"629,950","458,800","1,088,750"
2025-05-15,"616,122","445,308","1,061,430"
2025-05-16,"592,484","436,029","1,028,513"
2025-05-17,"414,456","343,401","757,857"
2025-05-18,"335,172","284,891","620,063"
2025-05-19,"573,428","390,230","963,658"
2025-05-20,"553,818","404,774","958,592"
2025-05-21,"599,362","425,319","1,024,681"
2025-05-22,"608,486","447,897","1,056,383"
2025-05-23,"586,037","396,204","982,241"
2025-05-24,"410,761","342,808","753,569"
2025-05-25,"331,906","272,960","604,866"
2025-05-26,"320,282","242,292","562,574"
2025-05-27,"593,862","422,731","1,016,593"
2025-05-28,"587,320","433,959","1,021,279"
2025-05-29,"615,721","440,293","1,056,014"
2025-05-30,"591,406","415,802","1,007,208"
2025-05-31,"421,327","334,489","755,816"
2025-06-01,"322,578","268,696","591,274"
2025-06-02,"584,625","397,717","982,342"
2025-06-03,"630,210","448,413","1,078,623"
2025-06-04,"567,567","422,523","990,090"
2025-06-05,"621,275","456,561","1,077,836"
2025-06-06,"585,906","427,847","1,013,753"
2025-06-07,"431,202","347,676","778,878"
2025-06-08,"330,390","266,245","596,635"
2025-06-09,"563,488","394,008","957,496"
2025-06-10,"598,056","460,364","1,058,420"
2025-06-11,"615,905","457,654","1,073,559"
2025-06-12,"597,722","483,910","1,081,632"
2025-06-13,"524,099","424,996","949,095"
2025-06-14,"410,694","435,787","846,481"
2025-06-15,"328,845","273,439","602,284"
2025-06-16,"527,665","378,666","906,331"
2025-06-17,"570,086","464,308","1,034,394"
2025-06-18,"517,630","417,493","935,123"
2025-06-19,"494,295","389,226","883,521"
2025-06-20,"538,237","427,618","965,855"
2025-06-21,"413,637","354,634","768,271"
2025-06-22,"313,881","266,745","580,626"
2025-06-23,"503,644","371,307","874,951"
2025-06-24,"551,167","423,488","974,655"
2025-06-25,"571,409","444,413","1,015,822"
2025-06-26,"561,301","471,300","1,032,601"
2025-06-27,"543,140","416,639","959,779"
2025-06-28,"427,366","337,560","764,926"
2025-06-29,"316,118","323,242","639,360"
2025-06-30,"534,839","376,363","911,202"
2025-07-01,"602,025","451,361","1,053,386"
2025-07-02,"578,603","438,612","1,017,215"
2025-07-03,"553,468","425,260","978,728"
2025-07-04,"316,641","277,046","593,687"
2025-07-05,"371,741","332,533","704,274"
2025-07-06,"294,228","264,632","558,860"
2025-07-07,"539,247","392,503","931,750"
2025-07-08,"564,820","436,204","1,001,024"
2025-07-09,"577,539","439,416","1,016,955"
2025-07-10,"583,325","447,221","1,030,546"
2025-07-11,"526,443","400,995","927,438"
2025-07-12,"422,226","330,530","752,756"
2025-07-13,"334,662","261,931","596,593"
2025-07-14,"544,793","384,117","928,910"
2025-07-15,"579,537","439,047","1,018,584"
2025-07-16,"562,232","432,866","995,098"
2025-07-17,"573,201","460,177","1,033,378"
2025-07-18,"559,448","460,345","1,019,793"
2025-07-19,"394,966","354,215","749,181"
2025-07-20,"328,751","293,401","622,152"
2025-07-21,"518,203","421,916","940,119"
2025-07-22,"581,470","479,560","1,061,030"
2025-07-23,"569,940","467,479","1,037,419"
2025-07-24,"527,958","425,053","953,011"
2025-07-25,"509,522","409,303","918,825"
2025-07-26,"397,737","363,680","761,417"
2025-07-27,"326,681","279,111","605,792"
2025-07-28,"506,057","379,574","885,631"
2025-07-29,"557,055","446,674","1,003,729"
2025-07-30,"537,534","466,281","1,003,815"
2025-07-31,"567,414","542,673","1,110,087"
2025-08-01,"579,918","531,060","1,110,978"
2025-08-02,"440,679","454,540","895,219"
2025-08-03,"347,538","369,850","717,388"
2025-08-04,"549,549","435,744","985,293"
2025-08-05,"585,862","472,919","1,058,781"
2025-08-06,"585,476","470,977","1,056,453"
2025-08-07,"580,914","454,251","1,035,165"
2025-08-08,"548,414","417,744","966,158"
2025-08-09,"425,825","341,354","767,179"
2025-08-10,"338,295","274,110","612,405"
2025-08-11,"532,546","388,290","920,836"
2025-08-12,"526,488","417,628","944,116"
2025-08-13,"592,948","445,008","1,037,956"
2025-08-14,"584,878","442,877","1,027,755"
2025-08-15,"559,089","451,082","1,010,171"
2025-08-16,"413,454","376,304","789,758"
2025-08-17,"344,058","310,718","654,776"
2025-08-18,"524,954","401,101","926,055"
2025-08-19,"610,398","471,272","1,081,670"
2025-08-20,"630,143","472,073","1,102,216"
2025-08-21,"628,924","481,244","1,110,168"
2025-08-22,"596,734","415,337","1,012,071"
2025-08-23,"427,579","332,193","759,772"
2025-08-24,"335,939","264,740","600,679"
2025-08-25,"609,351","406,937","1,016,288"
2025-08-26,"645,971","465,834","1,111,805"
2025-08-27,"653,421","473,422","1,126,843"
2025-08-28,"642,222","520,735","1,162,957"
2025-08-29,"630,115","476,265","1,106,380"
2025-08-30,"432,214","391,010","823,224"
2025-08-31,"360,093","343,458","703,551"
2025-09-01,"344,866","293,766","638,632"
2025-09-02,"650,054","470,795","1,120,849"
2025-09-03,"658,938","472,114","1,131,052"
2025-09-04,"665,448","474,384","1,139,832"
2025-09-05,"629,854","458,538","1,088,392"
2025-09-06,"419,986","375,070","795,056"
2025-09-07,"333,061","293,278","626,339"
2025-09-08,"617,419","429,504","1,046,923"
2025-09-09,"651,576","473,953","1,125,529"
2025-09-10,"657,858","484,323","1,142,181"
2025-09-11,"648,548","489,005","1,137,553"
2025-09-12,"620,797","451,758","1,072,555"
2025-09-13,"387,975","325,790","713,765"
2025-09-14,"331,118","270,547","601,665"
2025-09-15,"616,320","435,277","1,051,597"
2025-09-16,"651,990","484,965","1,136,955"
2025-09-17,"662,489","489,466","1,151,955"
2025-09-18,"658,272","500,862","1,159,134"
2025-09-19,"622,912","473,083","1,095,995"
2025-09-20,"414,969","354,575","769,544"
2025-09-21,"331,250","284,243","615,493"
2025-09-22,"613,704","432,361","1,046,065"
2025-09-23,"634,442","487,614","1,122,056"
2025-09-24,"660,516","501,545","1,162,061"
2025-09-25,"654,827","519,555","1,174,382"
2025-09-26,"580,438","452,496","1,032,934"
2025-09-27,"426,711","359,880","786,591"
2025-09-28,"328,502","273,175","601,677"
2025-09-29,"600,769","423,348","1,024,117"
2025-09-30,"645,289","497,543","1,142,832"
2025-10-01,"673,048","503,729","1,176,777"
2025-10-02,"647,059","493,521","1,140,580"
2025-10-03,"628,219","428,582","1,056,801"
2025-10-04,"426,695","330,780","757,475"
2025-10-05,"330,030","256,462","586,492"
2025-10-06,"599,924","413,206","1,013,130"
2025-10-07,"620,211","459,544","1,079,755"
2025-10-08,"659,843","508,974","1,168,817"
2025-10-09,"656,173","529,239","1,185,412"
2025-10-10,"619,786","477,092","1,096,878"
2025-10-11,"422,782","403,058","825,840"
2025-10-12,"283,480","542,446","825,926"
2025-10-13,"487,268","405,396","892,664"
2025-10-14,"650,249","487,076","1,137,325"
2025-10-15,"628,961","476,877","1,105,838"
2025-10-16,"649,973","492,753","1,142,726"
2025-10-17,"604,836","439,123","1,043,959"
2025-10-18,"381,265","446,627","827,892"
2025-10-19,"307,844","247,440","555,284"
2025-10-20,"601,831","422,565","1,024,396"
2025-10-21,"615,975","466,037","1,082,012"
2025-10-22,"618,604","463,852","1,082,456"
2025-10-23,"623,695","474,742","1,098,437"
2025-10-24,"586,550","415,854","1,002,404"
2025-10-25,"399,015","284,862","683,877"
2025-10-26,"322,688","217,607","540,295"
2025-10-27,"550,654","396,777","947,431"
2025-10-28,"638,531","464,085","1,102,616"
2025-10-29,"645,197","467,094","1,112,291"
2025-10-30,"645,207","476,146","1,121,353"
2025-10-31,"601,396","432,500","1,033,896"
2025-11-01,"390,311","320,419","710,730"
2025-11-02,"307,391","255,086","562,477"
2025-11-03,"611,374","409,741","1,021,115"
2025-11-04,"633,899","454,710","1,088,609"
2025-11-05,"634,148","456,081","1,090,229"
2025-11-06,"625,599","460,723","1,086,322"
2025-11-07,"600,327","420,110","1,020,437"
2025-11-08,"377,571","298,153","675,724"
2025-11-09,"275,389","215,220","490,609"
2025-11-10,"504,454","368,436","872,890"
2025-11-11,"490,521","387,713","878,234"
2025-11-12,"627,176","463,700","1,090,876"
2025-11-13,"627,045","466,346","1,093,391"
2025-11-14,"593,553","416,539","1,010,092"
2025-11-15,"410,263","347,052","757,315"
2025-11-16,"305,961","228,440","534,401"
2025-11-17,"585,326","406,383","991,709"
2025-11-18,"602,876","454,166","1,057,042"
2025-11-19,"634,281","458,463","1,092,744"
2025-11-20,"628,172","457,368","1,085,540"
2025-11-21,"592,327","457,006","1,049,333"
2025-11-22,"380,023","356,463","736,486"
2025-11-23,"311,954","241,793","553,747"
2025-11-24,"522,561","373,147","895,708"
2025-11-25,"527,126","378,692","905,818"
2025-11-26,"438,551","301,379","739,930"
2025-11-27,"181,164","128,476","309,640"
2025-11-28,"347,522","242,928","590,450"
2025-11-29,"249,450","206,685","456,135"
2025-11-30,"247,697","185,249","432,946"
